gene_name,start,end,eff_size_transmissibility1,eff_size_dr1,eff_size_dr2
gene-Rv0604,700239,701189,0.352789365807388,0,0
gene-Rv1266c,1413960,1415840,0,0,0.28154815136252803
gene-Rv1295,1450697,1451779,0.36911925500077847,0,0
gene-Rv1750c,1977969,1979567,0.20870031021398147,0,0
gene-Rv2443,2740709,2742184,0,0.403886828473213,0
gene-Rv2674,2990706,2991116,0,0,0.16289084157795264
gene-Rv2900c,3209406,3211745,0,0.377208126290705,0
gene-Rv2903c,3212970,3213854,0.15386133414960076,0,0
gene-Rv2907c,3216361,3216891,0.10192505686828059,0,0
